Mode,MNLC,MASC,Station,Coverage,Source,Monday Entry,Midweek (Tue-Thu) Entry,Friday Entry,Saturday Entry,Sunday Entry,Monday Exit,Midweek (Tue-Thu) Exit,Friday Exit,Saturday Exit,Sunday Exit,Weekly En/Ex,12-week En/Ex,Annualised En/Ex
LU,500,ACTu,Acton Town,Station entry/exit,taps,"7,349","8,234","7,911","6,703","4,926","7,496","8,210","7,937","7,079","5,197","103,929","1,194,760","4,848,680"
LU,502,ALDu,Aldgate,Station entry/exit,taps,"10,582","13,146","10,238","6,969","5,084","11,916","15,068","12,387","8,564","5,438","155,819","1,791,287","7,269,555"
LU,503,ALEu,Aldgate East,Station entry/exit,taps,"17,748","20,631","19,421","18,072","13,461","16,221","19,561","18,459","17,311","11,633","252,901","2,907,327","11,798,768"
LU,505,ALPu,Alperton,Station entry/exit,taps,"4,093","4,090","4,157","3,151","2,129","4,381","4,355","4,378","3,287","2,369","53,281","612,518","2,485,772"
LU,506,AMEu,Amersham,Station entry/exit,taps,"2,815","3,559","2,695","2,186","1,500","2,679","3,447","2,782","2,016","1,335","39,024","448,618","1,820,621"
LU,507,ANGu,Angel,Station entry/exit,taps,"16,240","19,986","19,928","18,967","11,053","17,270","21,153","21,831","20,371","11,381","260,458","2,994,206","12,151,347"
LU,508,ARCu,Archway,Station entry/exit,taps,"11,161","12,430","11,944","9,963","6,680","10,844","12,045","11,127","8,885","6,585","150,613","1,731,441","7,026,686"
LU,509,AGRu,Arnos Grove,Station entry/exit,taps,"4,891","5,498","5,505","4,661","3,168","4,588","5,171","5,208","4,358","3,081","67,465","775,573","3,147,497"
LU,510,ARLu,Arsenal,Station entry/exit,taps,"3,182","3,755","3,736","3,482","2,459","3,006","3,520","3,333","3,208","2,415","46,645","536,229","2,176,173"
LU,511,BSTu,Baker Street,Station entry/exit,taps,"33,398","38,544","34,968","29,492","19,643","34,208","39,022","36,037","30,150","20,068","470,663","5,410,707","21,958,202"
LU,512,BALu,Balham LU,Station entry/exit,taps,"14,335","16,697","16,468","14,982","9,025","14,413","17,000","15,795","14,902","9,252","210,263","2,417,171","9,809,573"
LU,513,BNKu,Bank and Monument,Station entry/exit,taps,"57,932","84,686","50,129","27,385","18,420","59,510","86,294","50,954","26,755","18,764","822,790","9,458,732","38,386,248"
LU,501,BARu,Barbican,Station entry/exit,taps,"8,433","9,983","7,706","4,619","2,953","8,896","10,531","8,092","4,920","3,266","110,428","1,269,476","5,151,897"
LU,514,BKGu,Barking,Station entry/exit,taps,"28,428","29,779","29,327","23,643","16,618","28,602","29,746","29,202","23,370","16,605","374,370","4,303,730","17,465,770"
LU,515,BDEu,Barkingside,Station entry/exit,taps,"1,916","2,151","2,027","1,349",930,"2,006","2,211","2,102","1,418",981,"25,814","296,752","1,204,304"
LU,516,BCTu,Barons Court,Station entry/exit,taps,"8,759","10,228","9,179","6,527","4,186","8,683","9,971","9,026","6,378","4,230","117,566","1,351,530","5,484,897"
LU,832,BPSu,Battersea Power Station,Station entry/exit,taps,"10,932","14,652","13,541","17,753","11,733","10,380","13,903","12,517","16,122","10,944","189,589","2,179,498","8,845,029"
LU,517,BAYu,Bayswater,Station entry/exit,taps,"5,714","5,745","6,763","6,468","5,498","5,124","5,368","6,075","5,837","4,472","79,290","911,515","3,699,189"
LU,518,BECu,Becontree,Station entry/exit,taps,"4,980","5,077","5,080","3,452","2,308","4,830","4,911","4,835","3,168","2,229","60,845","699,473","2,838,663"
LU,519,BPKu,Belsize Park,Station entry/exit,taps,"8,201","9,220","8,541","5,924","4,335","8,151","9,039","8,258","5,815","4,208","108,208","1,243,955","5,048,324"
LU,787,BERu,Bermondsey,Station entry/exit,taps,"10,381","11,825","11,672","11,053","7,051","10,278","11,537","11,434","11,236","7,065","150,254","1,727,313","7,009,931"
LU,520,BNGu,Bethnal Green LU,Station entry/exit,taps,"13,816","16,191","16,745","16,045","11,380","13,019","15,279","15,813","15,657","10,850","207,735","2,388,107","9,691,625"
LU,521,BLFu,Blackfriars LU,Station entry/exit,taps,"17,096","21,361","15,589","12,167","8,458","16,444","20,444","15,238","10,940","7,450","228,796","2,630,219","10,674,181"
LU,522,BHRu,Blackhorse Road,Station entry/exit,taps,"13,687","16,068","15,131","13,603","8,869","13,180","15,243","14,354","12,927","8,674","194,359","2,234,340","9,067,592"
LU,524,BDSu,Bond Street,Station entry/exit,taps,"54,907","70,084","58,668","56,126","34,294","56,331","73,198","60,869","58,229","34,953","844,221","9,705,103","39,386,089"
LU,525,BORu,Borough,Station entry/exit,taps,"5,783","7,033","6,378","5,510","3,551","5,892","7,108","6,452","5,903","3,887","85,780","986,123","4,001,971"
LU,526,BOSu,Boston Manor,Station entry/exit,taps,"2,121","2,337","2,222","1,717","1,428","2,201","2,379","2,250","1,703","1,450","29,238","336,114","1,364,048"
LU,527,BGRu,Bounds Green,Station entry/exit,taps,"6,453","7,252","6,929","5,965","3,974","6,267","6,987","6,685","5,659","3,970","88,617","1,018,738","4,134,331"
LU,528,BWRu,Bow Road,Station entry/exit,taps,"6,522","7,344","7,044","5,921","4,279","6,347","6,961","6,476","5,463","4,355","89,320","1,026,817","4,167,117"
LU,529,BTXu,Brent Cross,Station entry/exit,taps,"2,910","3,159","2,741","2,103","1,809","2,848","3,007","2,675","2,049","1,785","37,416","430,129","1,745,586"
LU,778,BRXu,Brixton LU,Station entry/exit,taps,"27,283","33,581","36,047","35,637","21,657","26,361","32,748","36,289","35,226","21,771","439,260","5,049,705","20,493,149"
LU,530,BBBu,Bromley-by-Bow,Station entry/exit,taps,"5,948","6,574","6,485","4,967","3,742","5,909","6,416","6,062","4,664","3,828","80,575","926,279","3,759,107"
LU,531,BHLu,Buckhurst Hill,Station entry/exit,taps,"3,365","3,802","3,466","3,083","1,781","3,356","3,775","3,384","2,907","1,875","45,946","528,193","2,143,558"
LU,532,BURu,Burnt Oak,Station entry/exit,taps,"7,166","7,902","7,347","5,727","4,052","7,272","7,924","7,392","5,727","4,183","96,342","1,107,546","4,494,740"
LU,534,CRDu,Caledonian Road,Station entry/exit,taps,"6,508","5,640","7,139","5,434","4,309","6,218","5,917","6,638","4,138","4,081","79,139","909,775","3,692,127"
LU,535,CTNu,Camden Town,Station entry/exit,taps,"22,151","24,578","29,652","35,142","25,683","23,033","25,558","31,192","41,910","26,171","385,338","4,429,824","17,977,494"
LU,788,CWRu,Canada Water,Station entry/exit,taps,"13,764","15,249","16,055","16,593","11,812","13,896","15,387","15,953","16,571","11,823","208,374","2,395,448","9,721,415"
LU,852,CWFu,Canary Wharf LU,Station entry/exit,taps,"48,839","59,084","46,335","38,624","27,268","49,896","60,224","46,867","39,050","26,596","681,399","7,833,321","31,789,864"
LU,884,CNTu,Canning Town,Station entry/exit,taps,"17,705","19,339","19,991","19,459","14,665","17,659","19,190","20,581","19,659","13,816","259,119","2,978,818","12,088,898"
LU,536,CSTu,Cannon Street LU,Station entry/exit,taps,"7,233","9,379","6,135","3,380","1,703","6,654","8,387","5,518","2,812","1,696","88,425","1,016,529","4,125,366"
LU,537,CPKu,Canons Park,Station entry/exit,taps,"3,353","3,819","3,483","2,788","1,828","3,372","3,758","3,410","2,772","1,795","45,532","523,437","2,124,259"
LU,539,CLFu,Chalfont & Latimer,Station entry/exit,taps,"2,343","2,801","2,455","1,559",913,"2,327","2,728","2,430","1,598",938,"31,150","358,097","1,453,262"
LU,540,CHFu,Chalk Farm,Station entry/exit,taps,"6,300","8,542","8,088","9,181","6,327","5,443","7,410","6,822","6,609","4,890","101,511","1,166,967","4,735,889"
LU,541,CYLu,Chancery Lane,Station entry/exit,taps,"12,861","17,918","11,461","5,398","3,077","14,034","19,265","12,181","5,297","3,107","178,964","2,057,356","8,349,339"
LU,718,CHXu,Charing Cross LU,Station entry/exit,taps,"20,634","28,688","23,925","27,557","17,351","19,885","26,511","23,362","25,297","15,372","338,978","3,896,873","15,814,629"
LU,543,CHMu,Chesham,Station entry/exit,taps,"1,670","1,891","1,585","1,214",701,"1,568","1,773","1,496","1,110",662,"20,996","241,373","979,562"
LU,544,CHGu,Chigwell,Station entry/exit,taps,533,611,516,292,183,473,520,445,284,192,"6,312","72,557","294,458"
LU,545,CHPu,Chiswick Park,Station entry/exit,taps,"3,218","3,789","3,234","2,454","1,683","3,424","4,038","3,389","2,383","1,727","44,993","517,231","2,099,073"
LU,546,CWDu,Chorleywood,Station entry/exit,taps,"2,171","2,555","2,370","1,486",936,"2,054","2,502","2,163","1,342",970,"28,665","329,535","1,337,348"
LU,547,CPCu,Clapham Common,Station entry/exit,taps,"9,891","11,677","12,494","13,529","7,711","11,076","13,553","13,449","14,507","8,413","166,759","1,917,052","7,779,948"
LU,548,CPNu,Clapham North,Station entry/exit,taps,"6,487","7,505","8,605","8,777","4,975","7,020","8,495","8,542","8,769","5,143","106,316","1,222,198","4,960,028"
LU,549,CPSu,Clapham South,Station entry/exit,taps,"9,334","11,176","10,467","8,958","5,528","9,604","11,216","9,949","8,742","5,925","135,682","1,559,786","6,330,061"
LU,550,CFSu,Cockfosters,Station entry/exit,taps,"2,035","2,312","2,215","2,336","1,491","2,028","2,330","2,258","2,327","1,536","30,151","346,614","1,406,659"
LU,551,COLu,Colindale,---Station Closed---,taps,---,---,---,---,---,---,---,---,---,---,---,---,---
LU,552,CLWu,Colliers Wood,Station entry/exit,taps,"8,037","9,198","8,848","8,077","5,315","7,801","8,883","8,347","7,644","5,361","113,672","1,306,762","5,303,214"
LU,553,COVu,Covent Garden,Station entry/exit,taps,"14,126","19,185","17,754","24,126","13,509","16,225","21,851","21,478","30,780","16,462","277,570","3,190,928","12,949,699"
LU,554,CRXu,Croxley,Station entry/exit,taps,"1,425","1,722","1,365",817,444,"1,421","1,711","1,367",810,494,"18,441","211,995","860,335"
LU,555,DGEu,Dagenham East,Station entry/exit,taps,"4,554","4,760","4,662","3,187","2,109","4,267","4,432","4,259","2,887","2,008","55,508","638,113","2,589,645"
LU,556,DGHu,Dagenham Heathway,Station entry/exit,taps,"8,169","8,334","8,274","5,599","3,888","8,090","8,219","8,081","5,408","3,865","101,032","1,161,461","4,713,540"
LU,557,DEBu,Debden,Station entry/exit,taps,"3,136","3,607","3,239","2,075","1,210","3,147","3,518","3,139","2,026","1,243","40,588","466,594","1,893,570"
LU,558,DHLu,Dollis Hill,Station entry/exit,taps,"5,041","5,497","5,380","4,310","3,049","4,604","4,968","4,811","3,857","2,756","65,202","749,557","3,041,918"
LU,560,EBYu,Ealing Broadway,Station entry/exit,taps,"23,322","26,551","26,324","22,096","16,722","26,387","28,467","26,779","25,037","19,037","350,756","4,032,269","16,364,102"
LU,561,ECMu,Ealing Common,Station entry/exit,taps,"2,905","3,218","3,283","2,328","1,880","2,879","3,168","3,177","2,189","1,815","39,615","455,410","1,848,186"
LU,562,ECTu,Earl's Court,Station entry/exit,taps,"23,638","25,824","26,345","23,499","18,189","23,563","26,098","27,051","24,734","17,810","340,597","3,915,479","15,890,137"
LU,563,EACu,East Acton,Station entry/exit,taps,"5,761","6,201","5,826","4,327","3,101","5,920","6,331","5,797","4,179","3,187","75,695","870,188","3,531,471"
LU,565,EFYu,East Finchley,Station entry/exit,taps,"8,145","9,687","8,398","6,812","4,431","8,085","9,639","8,148","6,492","4,587","113,076","1,299,918","5,275,438"
LU,566,EHMu,East Ham,Station entry/exit,taps,"17,552","18,440","18,122","14,905","11,455","16,895","17,445","17,064","13,781","10,838","228,270","2,624,175","10,649,653"
LU,567,EPYu,East Putney,Station entry/exit,taps,"8,984","10,458","9,763","7,823","5,541","9,003","10,346","9,097","7,372","5,527","125,520","1,442,969","5,855,981"
LU,564,ETEu,Eastcote,Station entry/exit,taps,"3,478","3,953","3,564","2,540","1,596","3,349","3,822","3,463","2,432","1,666","45,414","522,078","2,118,740"
LU,568,EDGu,Edgware,Station entry/exit,taps,"6,213","6,761","6,241","5,005","3,780","6,143","6,731","6,196","4,904","3,754","82,715","950,891","3,858,986"
LU,774,ERBu,Edgware Road (Bak),Station entry/exit,taps,"5,234","6,170","5,579","4,721","3,170","5,503","6,458","5,747","5,261","3,227","76,325","877,421","3,560,827"
LU,569,ERDu,Edgware Road (DIS),Station entry/exit,taps,"9,188","10,153","9,351","7,758","5,627","8,754","9,733","9,131","7,754","5,178","122,399","1,407,086","5,710,360"
LU,570,ELEu,Elephant & Castle LU,Station entry/exit,taps,"20,452","22,751","23,066","21,389","13,903","19,756","22,332","22,441","20,515","13,445","290,216","3,336,306","13,539,687"
LU,571,EPKu,Elm Park,Station entry/exit,taps,"4,209","4,769","4,267","2,870","1,849","4,116","4,625","4,092","2,779","1,866","54,230","623,420","2,530,016"
LU,542,EMBu,Embankment,Station entry/exit,taps,"22,467","29,506","26,372","31,132","17,973","22,179","28,994","25,883","30,406","17,122","369,031","4,242,356","17,216,696"
LU,572,EPPu,Epping,Station entry/exit,taps,"4,836","5,656","5,109","5,024","3,233","4,876","5,493","5,072","4,806","3,425","69,830","802,759","3,257,825"
LU,574,EUSu,Euston LU,Station entry/exit,taps,"43,987","52,511","49,342","49,813","37,859","43,401","53,294","52,705","49,318","37,772","681,612","7,835,769","31,799,797"
LU,575,ESQu,Euston Square,Station entry/exit,taps,"18,837","21,791","17,889","11,460","8,185","20,060","22,929","20,160","11,957","9,069","251,777","2,894,408","11,746,338"
LU,576,FLPu,Fairlop,Station entry/exit,taps,"1,439","1,728","1,528","1,193",729,"1,407","1,631","1,462","1,180",721,"19,732","226,834","920,557"
LU,577,FARu,Farringdon,Station entry/exit,taps,"64,071","83,355","60,960","36,013","21,390","61,959","80,126","58,478","34,490","19,496","847,298","9,740,478","39,529,654"
LU,578,FYCu,Finchley Central,Station entry/exit,taps,"7,750","8,716","7,801","7,034","4,452","7,760","9,059","7,735","6,283","4,279","106,420","1,223,394","4,964,884"
LU,579,FRDu,Finchley Road,Station entry/exit,taps,"11,611","12,884","12,580","10,011","7,559","11,091","12,196","11,503","9,376","7,135","156,104","1,794,563","7,282,850"
LU,580,FPKu,Finsbury Park,Station entry/exit,taps,"28,496","34,220","33,858","32,704","21,749","28,311","33,674","32,861","32,306","21,828","435,796","5,009,884","20,331,545"
LU,581,FBYu,Fulham Broadway,Station entry/exit,taps,"10,054","11,672","11,227","8,930","6,233","10,144","11,756","10,745","8,230","5,608","141,457","1,626,182","6,599,514"
LU,582,GHLu,Gants Hill,Station entry/exit,taps,"7,737","8,464","8,047","5,892","4,131","7,428","8,050","7,657","5,768","4,036","100,241","1,152,360","4,676,609"
LU,583,GRDu,Gloucester Road,Station entry/exit,taps,"18,110","19,702","20,018","16,262","12,300","17,332","19,278","19,507","15,356","11,133","246,956","2,838,992","11,521,446"
LU,584,GGRu,Golders Green,Station entry/exit,taps,"9,394","10,334","9,864","7,597","6,259","9,448","10,346","9,819","7,470","6,308","128,197","1,473,749","5,980,897"
LU,585,GHRu,Goldhawk Road,Station entry/exit,taps,"2,818","3,170","3,088","2,594","1,675","2,842","3,105","2,915","2,411","1,789","38,955","447,830","1,817,421"
LU,586,GSTu,Goodge Street,Station entry/exit,taps,"8,047","9,999","8,126","4,902","2,916","8,658","10,685","8,966","5,027","2,958","111,652","1,283,546","5,208,996"
LU,587,GRHu,Grange Hill,Station entry/exit,taps,601,643,617,388,208,580,617,554,297,217,"7,240","83,225","337,750"
LU,588,GPSu,Great Portland Street,Station entry/exit,taps,"8,931","11,179","8,743","5,675","3,535","9,155","11,403","9,048","5,519","3,165","121,516","1,396,942","5,669,192"
LU,590,GPKu,Green Park,Station entry/exit,taps,"40,404","51,113","42,836","36,136","25,306","45,942","57,381","50,076","42,412","30,014","638,608","7,341,394","29,793,482"
LU,589,GFDu,Greenford,Station entry/exit,taps,"5,034","5,600","5,235","3,997","2,736","5,160","5,477","5,099","3,816","2,739","67,047","770,773","3,128,018"
LU,591,GUNu,Gunnersbury,Station entry/exit,taps,"6,173","7,331","5,664","3,741","2,669","6,032","7,147","5,364","3,445","2,514","79,037","908,599","3,687,355"
LU,592,HAIu,Hainault,Station entry/exit,taps,"4,932","5,381","5,010","3,514","2,234","4,683","5,098","4,771","3,384","2,245","62,206","715,117","2,902,150"
LU,593,HMDu,Hammersmith (DIS),Station entry/exit,taps,"31,479","38,309","34,739","29,923","21,110","30,989","38,000","34,227","29,459","20,830","461,683","5,307,473","21,539,247"
LU,773,HMSu,Hammersmith (H&C),Station entry/exit,taps,"14,739","16,987","15,479","13,201","8,923","14,561","16,606","14,863","12,849","8,384","203,778","2,342,615","9,507,003"
LU,594,HMPu,Hampstead,Station entry/exit,taps,"5,275","6,007","6,104","6,082","4,216","5,998","6,800","6,852","6,784","4,698","84,431","970,615","3,939,035"
LU,595,HLNu,Hanger Lane,Station entry/exit,taps,"4,232","4,924","4,391","3,878","2,912","4,099","4,760","4,235","3,716","2,808","59,326","682,010","2,767,792"
LU,596,HARu,Harlesden,Station entry/exit,taps,"4,561","4,825","4,647","2,848","1,700","4,468","4,653","4,376","2,645","1,833","55,510","638,142","2,589,764"
LU,597,HAWu,Harrow & Wealdstone,Station entry/exit,taps,"8,218","8,757","8,231","6,876","3,897","8,109","8,514","7,937","6,686","3,829","105,596","1,213,920","4,926,437"
LU,598,HOHu,Harrow-on-the-Hill,Station entry/exit,taps,"13,021","14,122","13,728","10,750","7,431","13,608","14,608","14,093","10,932","7,625","177,378","2,039,131","8,275,377"
LU,779,HTXu,Hatton Cross,Station entry/exit,taps,"4,652","4,915","5,185","4,651","3,737","4,977","5,011","5,139","4,883","4,066","67,067","770,993","3,128,909"
LU,781,HRFu,Heathrow Terminal 4 LU,Station entry/exit,taps,"2,374","2,465","2,858","2,568","2,967","2,356","2,256","2,535","2,540","2,867","35,228","404,973","1,643,499"
LU,783,HRVu,Heathrow Terminal 5 LU,Station entry/exit,taps,"6,949","6,513","6,864","6,335","6,999","5,475","4,938","5,978","5,170","5,997","84,122","967,063","3,924,617"
LU,780,HRCu,Heathrow Terminals 123 LU,Station entry/exit,taps,"9,101","9,210","11,407","9,927","10,409","7,991","6,852","8,799","8,114","10,072","124,004","1,425,547","5,785,277"
LU,601,HNDu,Hendon Central,Station entry/exit,taps,"12,151","13,267","12,158","8,198","6,061","11,292","12,275","10,929","7,429","5,725","150,572","1,730,967","7,024,761"
LU,602,HBTu,High Barnet,Station entry/exit,taps,"5,560","6,492","5,919","4,658","2,717","5,548","6,345","5,796","4,479","2,899","76,088","874,706","3,549,807"
LU,605,HSTu,High Street Kensington,Station entry/exit,taps,"14,526","16,411","15,867","15,216","11,724","14,196","16,130","15,432","14,342","10,482","209,407","2,407,324","9,769,611"
LU,603,HBYu,Highbury & Islington,Station entry/exit,taps,"19,896","23,244","24,001","23,327","14,267","20,757","24,016","24,782","24,674","15,467","308,951","3,551,680","14,413,737"
LU,604,HIGu,Highgate,Station entry/exit,taps,"6,558","7,936","7,319","6,604","3,959","6,508","7,649","6,938","6,445","4,264","95,349","1,096,129","4,448,404"
LU,606,HDNu,Hillingdon,Station entry/exit,taps,"2,289","2,581","2,424","1,710","1,202","2,104","2,355","2,168","1,565","1,203","29,472","338,814","1,375,004"
LU,607,HOLu,Holborn,Station entry/exit,taps,"28,766","37,303","29,361","23,776","14,517","30,921","39,420","31,754","24,334","14,371","427,969","4,919,897","19,966,352"
LU,608,HPKu,Holland Park,Station entry/exit,taps,"4,368","4,772","4,689","4,298","2,602","4,375","4,748","4,778","4,319","2,636","60,625","696,936","2,828,365"
LU,609,HRDu,Holloway Road,Station entry/exit,taps,"8,041","9,017","8,319","6,706","4,444","8,132","8,741","8,376","6,430","4,455","108,175","1,243,573","5,046,775"
LU,610,HCHu,Hornchurch,Station entry/exit,taps,"2,707","2,971","2,598","1,730",887,"2,673","3,001","2,600","1,807",962,"33,882","389,501","1,580,706"
LU,611,HNCu,Hounslow Central,Station entry/exit,taps,"4,899","5,262","5,188","4,296","3,114","4,971","5,283","5,052","4,264","3,111","66,531","764,838","3,103,931"
LU,612,HNEu,Hounslow East,Station entry/exit,taps,"5,163","5,285","5,410","4,702","3,398","5,496","5,614","5,719","4,878","3,667","71,129","817,688","3,318,414"
LU,613,HNWu,Hounslow West,Station entry/exit,taps,"4,376","4,500","4,623","4,120","3,343","4,388","4,571","4,598","4,192","3,377","60,227","692,362","2,809,802"
LU,614,HPCu,Hyde Park Corner,Station entry/exit,taps,"4,818","5,266","5,751","5,760","4,415","4,600","5,745","5,724","5,741","4,227","74,066","851,456","3,455,455"
LU,615,ICKu,Ickenham,Station entry/exit,taps,"1,301","1,559","1,375",911,556,"1,324","1,601","1,416",930,602,"17,896","205,726","834,897"
LU,616,KENu,Kennington,Station entry/exit,taps,"6,684","7,883","7,928","7,526","5,106","6,657","7,734","7,706","7,601","5,271","101,329","1,164,871","4,727,379"
LU,617,KGNu,Kensal Green,Station entry/exit,taps,"2,888","3,442","3,191","2,501","1,671","2,877","3,402","3,028","2,213","1,709","40,608","466,828","1,894,522"
LU,618,OLYu,Kensington (Olympia),---see LO---,taps,---,---,---,---,---,---,---,---,---,---,---,---,---
LU,619,KTNu,Kentish Town,---Station Closed---,taps,---,---,---,---,---,---,---,---,---,---,---,---,---
LU,620,KETu,Kenton,Station entry/exit,taps,"2,836","2,976","2,846","1,873","1,347","2,812","2,941","2,808","1,893","1,318","35,485","407,937","1,655,527"
LU,621,KEWu,Kew Gardens,Station entry/exit,taps,"4,516","5,162","5,691","3,701","2,739","4,377","5,021","5,446","3,482","2,714","63,212","726,681","2,949,079"
LU,622,KILu,Kilburn,Station entry/exit,taps,"8,165","9,022","8,960","7,626","5,687","8,079","8,897","8,732","7,432","5,589","114,028","1,310,861","5,319,851"
LU,623,KPKu,Kilburn Park,Station entry/exit,taps,"3,957","4,501","4,413","4,008","2,776","3,864","4,332","4,167","3,854","2,734","56,274","646,918","2,625,377"
LU,625,KXXu,King's Cross St. Pancras,Station entry/exit,taps,"102,199","121,571","117,799","119,329","90,173","99,627","120,401","120,718","118,622","89,355","1,583,739","18,206,555","73,887,422"
LU,624,KBYu,Kingsbury,Station entry/exit,taps,"6,332","6,766","6,400","4,840","3,417","6,103","6,482","6,319","4,726","3,286","81,167","933,088","3,786,738"
LU,626,KNBu,Knightsbridge,Station entry/exit,taps,"20,779","21,658","23,085","25,827","17,156","19,353","21,003","21,160","22,550","14,995","292,887","3,367,014","13,664,309"
LU,627,LGRu,Ladbroke Grove,Station entry/exit,taps,"8,493","9,164","9,975","12,160","6,561","8,293","8,944","9,340","10,634","6,082","125,863","1,446,913","5,871,987"
LU,628,LAMu,Lambeth North,Station entry/exit,taps,"3,979","4,422","4,454","4,375","3,114","3,759","4,105","4,119","3,827","2,805","56,011","643,896","2,613,116"
LU,629,LANu,Lancaster Gate,Station entry/exit,taps,"3,994","4,433","5,123","5,583","3,970","3,748","4,551","5,125","5,171","3,730","63,395","728,779","2,957,596"
LU,630,LATu,Latimer Road,Station entry/exit,taps,"3,433","3,961","3,459","2,287","1,686","3,273","3,713","3,210","2,091","1,723","44,181","507,901","2,061,209"
LU,631,LSQu,Leicester Square,Station entry/exit,taps,"31,954","39,974","44,441","62,480","35,256","29,920","37,310","41,015","55,913","33,049","565,880","6,505,323","26,400,465"
LU,632,LEYu,Leyton,Station entry/exit,taps,"13,033","14,444","14,080","12,698","8,882","13,183","14,585","13,981","12,066","8,835","183,847","2,113,496","8,577,171"
LU,633,LYSu,Leytonstone,Station entry/exit,taps,"10,455","11,985","11,395","9,534","6,454","10,402","11,795","11,258","9,501","6,558","146,900","1,688,747","6,853,419"
LU,634,LSTu,Liverpool Street LU,Station entry/exit,taps,"81,750","111,117","86,081","75,908","47,817","85,082","111,635","86,148","76,156","49,539","1,256,737","14,447,358","58,631,521"
LU,635,LONu,London Bridge LU,Station entry/exit,taps,"74,469","97,602","87,415","94,099","61,150","71,310","93,857","82,352","87,353","56,273","1,188,796","13,666,318","55,461,837"
LU,636,LTNu,Loughton,Station entry/exit,taps,"4,042","4,813","4,218","3,610","2,110","4,056","4,853","4,338","3,743","2,140","57,255","658,203","2,671,176"
LU,637,MDVu,Maida Vale,Station entry/exit,taps,"4,277","4,852","4,578","3,896","2,654","4,183","4,727","4,284","3,687","2,627","58,922","677,369","2,748,958"
LU,638,MNRu,Manor House,Station entry/exit,taps,"8,587","9,572","9,494","8,514","6,427","8,547","9,538","9,196","8,334","6,732","123,158","1,415,819","5,745,801"
LU,639,MANu,Mansion House,Station entry/exit,taps,"6,650","8,756","5,697","3,501","2,512","7,039","9,463","6,092","3,765","2,479","92,389","1,062,095","4,310,285"
LU,640,MARu,Marble Arch,Station entry/exit,taps,"12,474","14,290","14,104","14,824","10,381","12,395","14,368","14,064","14,555","10,096","188,865","2,171,180","8,811,273"
LU,641,MYBu,Marylebone LU,Station entry/exit,taps,"11,640","15,122","12,133","11,379","8,453","12,085","15,792","13,015","11,938","8,525","181,908","2,091,201","8,486,692"
LU,642,MLEu,Mile End,Station entry/exit,taps,"17,096","18,603","18,912","14,678","10,537","16,970","18,020","18,263","14,469","10,775","231,570","2,662,110","10,803,606"
LU,643,MHEu,Mill Hill East,Station entry/exit,taps,"2,469","2,954","2,562","2,001","1,110","2,613","2,724","2,318","1,900","1,256","33,264","382,399","1,551,885"
LU,646,MPKu,Moor Park,Station entry/exit,taps,"1,473","1,561","1,429",696,358,"1,420","1,531","1,411",677,385,"17,125","196,865","798,934"
LU,645,MGTu,Moorgate,Station entry/exit,taps,"40,037","55,610","32,781","15,488","9,370","43,839","59,584","36,693","18,595","10,693","553,078","6,358,149","25,803,191"
LU,647,MORu,Morden,Station entry/exit,taps,"12,680","14,513","13,433","12,339","8,621","12,050","13,992","13,131","12,388","8,447","178,602","2,053,198","8,332,465"
LU,648,MCRu,Mornington Crescent,Station entry/exit,taps,"4,018","5,165","4,644","6,790","2,559","3,470","4,689","4,327","3,608","1,892","60,870","699,753","2,839,800"
LU,649,NEAu,Neasden,Station entry/exit,taps,"4,347","4,603","4,512","3,206","2,286","4,028","4,218","4,137","3,040","2,248","54,265","623,830","2,531,683"
LU,650,NEPu,Newbury Park,Station entry/exit,taps,"5,468","5,866","5,524","3,902","2,963","4,898","5,326","5,044","3,822","2,808","68,008","781,819","3,172,846"
LU,831,NIEu,Nine Elms,Station entry/exit,taps,"6,095","6,992","6,579","5,289","4,646","5,822","6,555","6,026","4,883","4,508","84,487","971,259","3,941,647"
LU,653,NACu,North Acton,Station entry/exit,taps,"9,581","10,201","10,101","6,842","5,719","9,594","10,025","10,084","6,913","5,873","125,383","1,441,397","5,849,604"
LU,654,NELu,North Ealing,Station entry/exit,taps,"1,029","1,082","1,098",749,447,"1,018","1,025","1,010",706,426,"12,803","147,188","597,332"
LU,789,NOGu,North Greenwich,Station entry/exit,taps,"25,185","35,456","39,146","39,632","26,105","26,174","37,609","42,694","42,384","26,768","487,281","5,601,749","22,733,503"
LU,656,NHRu,North Harrow,Station entry/exit,taps,"2,458","2,667","2,412","1,658","1,072","2,343","2,533","2,296","1,568","1,065","30,471","350,292","1,421,585"
LU,659,NWBu,North Wembley,Station entry/exit,taps,"2,288","2,427","2,375","1,669","1,152","2,159","2,271","2,195","1,496","1,060","28,487","327,488","1,329,040"
LU,655,NFDu,Northfields,Station entry/exit,taps,"3,894","4,323","4,196","3,124","2,429","3,829","4,266","4,165","3,124","2,502","53,028","609,608","2,473,965"
LU,657,NHTu,Northolt,Station entry/exit,taps,"6,848","7,218","7,056","5,587","3,967","6,817","6,730","6,609","5,327","3,890","87,945","1,011,007","4,102,956"
LU,660,NWPu,Northwick Park,Station entry/exit,taps,"5,520","5,736","5,378","3,119","2,346","5,461","5,578","5,142","2,973","2,228","66,109","759,989","3,084,252"
LU,661,NWDu,Northwood,Station entry/exit,taps,"3,516","3,895","3,678","2,513","1,388","3,465","3,821","3,533","2,330","1,443","45,016","517,505","2,100,182"
LU,662,NWHu,Northwood Hills,Station entry/exit,taps,"2,301","2,487","2,381","1,705","1,032","2,219","2,314","2,271","1,490","1,024","28,826","331,376","1,344,820"
LU,663,NHGu,Notting Hill Gate,Station entry/exit,taps,"16,161","18,241","19,219","22,271","13,977","17,043","18,986","20,779","26,694","15,684","263,507","3,029,254","12,293,581"
LU,664,OAKu,Oakwood,Station entry/exit,taps,"3,385","3,695","3,635","3,214","2,054","3,395","3,757","3,820","3,454","2,115","47,428","545,234","2,212,717"
LU,665,OLDu,Old Street,Station entry/exit,taps,"22,303","29,936","24,231","21,495","13,200","21,763","28,890","25,199","22,516","12,372","339,554","3,903,488","15,841,473"
LU,667,OSTu,Osterley,Station entry/exit,taps,"2,610","2,872","2,630","2,301","1,488","2,661","2,836","2,521","2,263","1,549","35,147","404,047","1,639,739"
LU,668,OVLu,Oval,Station entry/exit,taps,"7,660","8,897","8,698","7,631","5,039","7,577","8,976","8,334","7,445","5,090","111,091","1,277,097","5,182,824"
LU,669,OXCu,Oxford Circus,Station entry/exit,taps,"66,514","84,476","72,668","75,829","48,584","72,737","93,391","82,024","86,903","53,117","1,091,979","12,553,310","50,944,931"
LU,670,PADu,Paddington TfL,Station entry/exit,taps,"78,868","93,682","83,119","77,499","60,581","75,586","93,291","85,772","77,683","57,578","1,157,603","13,307,724","54,006,560"
LU,671,PRYu,Park Royal,Station entry/exit,taps,"2,635","2,724","2,824","2,083","1,606","2,698","2,820","2,944","2,213","1,626","35,263","405,386","1,645,172"
LU,672,PGRu,Parsons Green,Station entry/exit,taps,"8,650","10,126","9,092","7,702","4,327","8,644","10,025","8,766","7,115","4,264","119,013","1,368,160","5,552,385"
LU,673,PERu,Perivale,Station entry/exit,taps,"2,742","2,975","2,941","2,206","1,487","2,711","2,894","2,825","2,175","1,491","36,185","415,975","1,688,144"
LU,674,PICu,Piccadilly Circus,Station entry/exit,taps,"35,369","43,165","46,248","57,119","32,072","33,117","39,857","46,008","56,406","29,556","584,960","6,724,663","27,290,612"
LU,776,PIMu,Pimlico,Station entry/exit,taps,"11,199","13,531","11,494","9,278","6,660","11,203","13,288","11,153","9,165","6,765","157,375","1,809,171","7,342,135"
LU,675,PINu,Pinner,Station entry/exit,taps,"3,856","4,534","3,927","2,805","1,785","3,866","4,513","4,137","2,675","1,770","51,962","597,349","2,424,213"
LU,676,PLWu,Plaistow,Station entry/exit,taps,"7,402","7,937","7,846","6,000","4,439","6,969","7,420","7,193","5,465","4,327","95,712","1,100,304","4,465,348"
LU,677,PRDu,Preston Road,Station entry/exit,taps,"3,928","4,287","4,086","3,047","2,045","3,901","4,317","4,006","2,919","2,081","51,825","595,778","2,417,838"
LU,678,PUTu,Putney Bridge,Station entry/exit,taps,"6,770","8,169","7,401","6,100","4,374","7,336","8,929","7,792","6,127","4,310","101,502","1,166,856","4,735,436"
LU,680,QPKu,Queen's Park,Station entry/exit,taps,"7,096","8,263","7,514","6,113","4,148","6,855","7,908","7,090","5,836","4,261","97,426","1,120,002","4,545,290"
LU,679,QBYu,Queensbury,Station entry/exit,taps,"5,025","5,369","5,164","3,734","2,534","5,013","5,323","5,050","3,662","2,433","64,689","743,656","3,017,968"
LU,681,QWYu,Queensway,Station entry/exit,taps,"7,379","8,630","9,047","9,499","7,101","8,134","9,455","10,011","10,416","7,488","123,328","1,417,771","5,753,721"
LU,682,RCPu,Ravenscourt Park,Station entry/exit,taps,"4,151","4,767","4,581","3,153","2,136","4,054","4,707","4,507","2,943","2,103","56,047","644,314","2,614,812"
LU,683,RAYu,Rayners Lane,Station entry/exit,taps,"5,384","5,791","5,616","3,854","3,043","5,171","5,648","5,420","3,741","3,081","69,627","800,425","3,248,353"
LU,684,REDu,Redbridge,Station entry/exit,taps,"3,244","3,560","3,413","2,675","1,981","2,986","3,320","3,142","2,427","1,873","42,381","487,212","1,977,246"
LU,685,RPKu,Regent's Park,Station entry/exit,taps,"3,104","3,889","3,504","2,461","1,421","3,648","4,368","4,138","2,795","1,522","47,364","544,493","2,209,708"
LU,686,RMDu,Richmond,Station entry/exit,taps,"17,088","19,706","20,074","16,255","11,011","16,661","20,196","19,405","14,737","10,908","245,846","2,826,234","11,469,667"
LU,687,RKYu,Rickmansworth,Station entry/exit,taps,"2,945","3,447","3,158","2,010","1,158","2,846","3,341","2,987","1,905","1,148","38,520","442,827","1,797,119"
LU,688,RODu,Roding Valley,Station entry/exit,taps,267,319,279,175,100,270,313,260,177,115,"3,537","40,665","165,032"
LU,690,ROYu,Royal Oak,Station entry/exit,taps,"3,395","3,777","3,597","3,057","2,308","3,162","3,552","3,357","2,831","2,170","45,865","527,262","2,139,780"
LU,691,RUIu,Ruislip,Station entry/exit,taps,"2,193","2,493","2,394","1,889","1,211","2,252","2,584","2,428","1,864","1,208","30,670","352,584","1,430,886"
LU,692,RUGu,Ruislip Gardens,Station entry/exit,taps,"1,316","1,602","1,406","1,105",636,"1,234","1,435","1,254",988,640,"17,690","203,360","825,294"
LU,693,RUMu,Ruislip Manor,Station entry/exit,taps,"2,109","2,448","2,285","1,862",951,"2,147","2,483","2,271","1,770",939,"29,127","334,839","1,358,873"
LU,694,RSQu,Russell Square,Station entry/exit,taps,"13,061","14,589","13,780","10,328","8,478","13,879","15,317","14,948","10,980","8,421","183,592","2,110,558","8,565,251"
LU,698,SVSu,Seven Sisters,Station entry/exit,taps,"18,508","20,483","20,578","17,662","13,041","18,320","20,244","20,383","17,401","12,895","260,971","3,000,106","12,175,292"
LU,700,SBCu,Shepherd's Bush LU,Station entry/exit,taps,"17,941","21,622","20,375","22,240","14,044","17,119","20,540","19,354","21,140","13,339","272,039","3,127,339","12,691,639"
LU,775,SBMu,Shepherd's Bush Market,Station entry/exit,taps,"4,921","5,590","5,518","5,573","3,205","4,727","5,339","5,040","5,000","3,014","69,782","802,205","3,255,578"
LU,702,SSQu,Sloane Square,Station entry/exit,taps,"19,538","23,616","22,238","20,637","12,521","19,625","23,637","22,231","21,217","12,630","292,394","3,361,342","13,641,290"
LU,703,SNBu,Snaresbrook,Station entry/exit,taps,"2,798","3,212","3,109","2,587","1,584","2,757","3,147","2,954","2,424","1,615","38,904","447,240","1,815,029"
LU,704,SELu,South Ealing,Station entry/exit,taps,"3,387","3,691","3,680","2,836","1,938","3,479","3,714","3,639","2,846","1,984","46,002","528,840","2,146,185"
LU,707,SHRu,South Harrow,Station entry/exit,taps,"3,211","3,412","3,394","2,536","1,695","3,234","3,557","3,459","2,544","1,756","42,734","491,267","1,993,704"
LU,708,SKNu,South Kensington,Station entry/exit,taps,"42,049","43,949","46,410","48,287","30,517","43,538","44,943","47,718","48,109","32,022","605,325","6,958,773","28,240,696"
LU,709,SKTu,South Kenton,Station entry/exit,taps,"1,593","1,799","1,626","1,189",712,"1,609","1,615","1,461","1,169",689,"20,290","233,253","946,606"
LU,710,SRPu,South Ruislip,Station entry/exit,taps,"2,411","2,796","2,455","2,159","1,411","2,355","2,734","2,358","2,109","1,412","33,259","382,342","1,551,654"
LU,711,SWMu,South Wimbledon,Station entry/exit,taps,"5,618","6,501","5,887","5,011","3,465","5,376","6,232","5,755","5,281","3,442","78,033","897,060","3,640,526"
LU,712,SWFu,South Woodford,Station entry/exit,taps,"5,955","6,934","6,411","5,509","3,384","6,243","7,143","6,556","5,507","3,511","85,306","980,675","3,979,861"
LU,705,SFSu,Southfields,Station entry/exit,taps,"7,882","9,151","8,218","6,628","4,258","7,509","8,652","7,471","5,971","4,134","105,481","1,212,602","4,921,086"
LU,706,SGTu,Southgate,Station entry/exit,taps,"5,860","6,627","6,344","5,312","3,382","6,122","6,987","6,764","5,569","3,554","83,749","962,768","3,907,189"
LU,784,SWKu,Southwark,Station entry/exit,taps,"13,089","16,702","12,263","9,521","6,579","13,555","17,545","12,975","9,708","6,432","186,863","2,148,163","8,717,861"
LU,695,SJPu,St James's Park,Station entry/exit,taps,"15,851","19,271","14,781","9,716","6,922","16,880","19,741","16,211","11,009","8,611","217,017","2,494,811","10,124,657"
LU,696,SJWu,St John's Wood,Station entry/exit,taps,"9,639","10,255","9,753","7,185","5,129","9,839","10,538","9,983","7,477","5,282","126,664","1,456,120","5,909,354"
LU,697,STPu,St Paul's,Station entry/exit,taps,"13,886","17,654","13,253","9,970","6,374","14,641","18,162","13,242","9,034","5,611","193,458","2,223,979","9,025,546"
LU,713,STBu,Stamford Brook,Station entry/exit,taps,"3,298","3,987","3,679","2,940","2,011","3,198","3,843","3,393","2,693","1,964","46,666","536,470","2,177,150"
LU,714,STAu,Stanmore,Station entry/exit,taps,"4,756","5,371","4,992","4,266","3,023","4,809","5,355","5,021","4,343","3,289","66,675","766,495","3,110,656"
LU,715,STGu,Stepney Green,Station entry/exit,taps,"8,828","9,296","9,225","6,285","4,453","8,921","9,056","8,780","5,889","4,429","111,867","1,286,013","5,219,011"
LU,716,STKu,Stockwell,Station entry/exit,taps,"11,007","13,095","12,780","11,558","7,860","9,871","11,288","11,591","10,746","7,490","156,051","1,793,956","7,280,390"
LU,717,SPKu,Stonebridge Park,Station entry/exit,taps,"3,996","4,415","4,218","2,888","1,858","3,853","4,181","3,919","2,677","1,864","51,061","586,996","2,382,197"
LU,719,SFDu,Stratford,Station entry/exit,taps,"77,804","85,400","85,004","89,393","60,270","78,394","85,980","87,084","91,583","60,531","1,144,202","13,153,662","53,381,334"
LU,720,SHLu,Sudbury Hill,Station entry/exit,taps,"2,744","2,862","2,785","2,033","1,264","2,798","2,894","2,786","1,969","1,286","34,933","401,587","1,629,757"
LU,721,STNu,Sudbury Town,Station entry/exit,taps,"2,838","2,884","2,918","2,024","1,464","2,632","2,613","2,678","1,849","1,385","34,278","394,059","1,599,202"
LU,723,SWCu,Swiss Cottage,Station entry/exit,taps,"8,640","9,593","9,173","6,785","4,557","8,598","9,510","9,057","6,777","4,554","115,447","1,327,173","5,386,048"
LU,724,TEMu,Temple,Station entry/exit,taps,"12,808","15,370","12,048","6,841","3,518","13,846","16,743","13,581","7,154","3,231","169,366","1,947,023","7,901,578"
LU,725,THBu,Theydon Bois,Station entry/exit,taps,"1,095","1,294","1,131","1,045",547,"1,061","1,251","1,074","1,022",588,"15,196","174,693","708,952"
LU,726,TBEu,Tooting Bec,Station entry/exit,taps,"9,461","11,021","10,299","9,303","5,837","9,097","10,689","9,717","8,916","6,098","133,859","1,538,830","6,245,015"
LU,727,TBYu,Tooting Broadway,Station entry/exit,taps,"18,191","20,951","20,979","18,035","11,338","18,148","20,620","20,386","17,756","11,432","260,976","3,000,165","12,175,530"
LU,728,TCRu,Tottenham Court Road,Station entry/exit,taps,"76,443","100,890","93,872","107,854","57,910","75,562","100,563","94,720","107,143","56,518","1,274,380","14,650,183","59,454,642"
LU,729,TTHu,Tottenham Hale LU,Station entry/exit,taps,"20,409","22,128","22,149","22,680","14,018","19,518","21,067","21,401","20,783","13,810","284,353","3,268,906","13,266,159"
LU,730,TOTu,Totteridge & Whetstone,Station entry/exit,taps,"3,044","3,565","3,260","2,710","1,598","2,907","3,455","3,122","2,576","1,619","41,894","481,614","1,954,529"
LU,731,THLu,Tower Hill,Station entry/exit,taps,"22,510","23,335","24,307","26,168","18,248","23,887","25,074","27,141","30,003","19,198","336,691","3,870,572","15,707,892"
LU,733,TPKu,Tufnell Park,Station entry/exit,taps,"6,500","8,272","8,216","7,365","4,531","6,420","8,070","7,651","6,692","4,526","100,924","1,160,216","4,708,489"
LU,734,TGRu,Turnham Green,Station entry/exit,taps,"6,941","8,275","7,859","6,611","5,044","7,015","8,329","8,184","6,799","4,988","103,254","1,186,998","4,817,177"
LU,735,TPLu,Turnpike Lane,Station entry/exit,taps,"11,549","12,922","13,028","11,448","7,959","12,037","13,380","13,212","11,280","8,264","167,683","1,927,669","7,823,034"
LU,736,UPMu,Upminster,Station entry/exit,taps,"7,052","7,747","7,127","5,716","4,010","6,890","8,483","6,979","6,155","3,527","96,144","1,105,264","4,485,479"
LU,737,UPBu,Upminster Bridge,Station entry/exit,taps,"1,256","1,394","1,171",649,356,"1,289","1,387","1,180",593,369,"15,209","174,838","709,543"
LU,738,UPYu,Upney,Station entry/exit,taps,"3,913","4,012","3,979","2,733","2,011","3,527","3,599","3,514","2,341","1,733","46,584","535,523","2,173,305"
LU,739,UPKu,Upton Park,Station entry/exit,taps,"17,670","19,653","18,556","16,482","11,985","16,871","17,869","19,466","15,708","12,027","241,331","2,774,326","11,259,012"
LU,740,UXBu,Uxbridge,Station entry/exit,taps,"8,855","9,517","9,012","6,024","4,273","8,757","9,224","8,521","5,683","4,156","111,503","1,281,828","5,202,028"
LU,777,VUXu,Vauxhall LU,Station entry/exit,taps,"31,380","37,157","35,794","33,401","23,640","29,549","34,561","32,577","30,316","22,855","454,668","5,226,827","21,211,962"
LU,741,VICu,Victoria LU,Station entry/exit,taps,"82,285","100,527","92,998","91,608","66,009","87,165","104,406","93,544","88,702","70,121","1,287,230","14,797,906","60,054,144"
LU,742,WALu,Walthamstow Central,Station entry/exit,taps,"19,753","21,996","21,445","18,934","13,289","19,500","21,388","21,111","18,523","13,296","276,003","3,172,915","12,876,598"
LU,743,WANu,Wanstead,Station entry/exit,taps,"2,737","3,322","2,961","2,593","1,767","2,848","3,393","3,084","2,677","1,907","40,717","468,076","1,899,588"
LU,745,WSTu,Warren Street,Station entry/exit,taps,"22,862","26,994","22,522","13,270","8,927","23,928","28,402","23,616","13,193","8,927","303,434","3,488,261","14,156,365"
LU,746,WARu,Warwick Avenue,Station entry/exit,taps,"4,591","5,225","5,128","4,237","2,847","4,508","5,112","4,890","4,096","3,015","64,322","739,437","3,000,848"
LU,747,WLOu,Waterloo LU,Station entry/exit,taps,"106,074","145,877","111,571","98,072","57,094","101,443","138,752","105,846","95,768","59,455","1,589,208","18,269,428","74,142,576"
LU,748,WATu,Watford,Station entry/exit,taps,"2,860","3,051","2,829","1,672","1,044","2,775","2,996","2,783","1,678","1,112","34,889","401,086","1,627,721"
LU,751,WEMu,Wembley Central,Station entry/exit,taps,"7,425","7,651","7,675","6,719","4,541","7,837","8,164","8,121","6,859","4,770","101,389","1,165,559","4,730,173"
LU,752,WPKu,Wembley Park,Station entry/exit,taps,"24,208","25,851","26,815","25,695","17,403","23,825","25,132","26,415","25,304","16,770","339,382","3,901,515","15,833,467"
LU,753,WACu,West Acton,Station entry/exit,taps,"1,600","1,849","1,698","1,537","1,060","1,580","1,786","1,702","1,600","1,118","22,800","262,110","1,063,716"
LU,755,WBTu,West Brompton,Station entry/exit,taps,"7,083","8,289","8,312","7,646","4,504","7,522","8,653","7,693","6,754","3,919","104,257","1,198,533","4,863,991"
LU,756,WFYu,West Finchley,Station entry/exit,taps,"2,168","2,519","2,220","1,582","1,036","2,003","2,316","2,037","1,439","1,050","28,037","322,313","1,308,037"
LU,757,WHMu,West Ham,Station entry/exit,taps,"8,673","9,545","9,070","6,670","3,960","8,585","9,257","8,881","6,546","3,873","112,663","1,295,165","5,256,150"
LU,758,WHDu,West Hampstead LU,Station entry/exit,taps,"12,472","14,642","13,356","11,922","7,783","11,742","13,606","12,607","10,971","7,469","173,065","1,989,539","8,074,119"
LU,759,WHRu,West Harrow,Station entry/exit,taps,"1,837","1,981","1,864","1,574","1,127","1,862","2,136","1,830","1,531","1,112","25,085","288,381","1,170,331"
LU,760,WKNu,West Kensington,Station entry/exit,taps,"5,616","6,629","6,520","6,285","4,422","5,282","6,271","5,732","5,414","3,948","81,921","941,753","3,821,904"
LU,762,WRPu,West Ruislip,Station entry/exit,taps,"2,090","2,524","2,161","2,099","1,166","2,190","2,575","2,194","2,051","1,157","30,405","349,534","1,418,508"
LU,754,WBPu,Westbourne Park,Station entry/exit,taps,"6,055","6,697","6,598","5,528","3,549","5,630","6,305","6,022","4,755","3,268","80,412","924,412","3,751,528"
LU,761,WMSu,Westminster,Station entry/exit,taps,"27,802","30,788","27,164","28,201","18,961","29,642","32,788","29,171","31,649","19,307","402,626","4,628,564","18,784,038"
LU,764,WCTu,White City,Station entry/exit,taps,"12,601","14,765","11,631","9,365","6,139","12,478","14,544","11,754","9,681","6,313","167,888","1,930,032","7,832,625"
LU,763,WCLu,Whitechapel,Station entry/exit,taps,"28,787","30,632","29,375","21,781","15,382","28,773","30,693","29,428","22,325","15,591","375,414","4,315,736","17,514,495"
LU,765,WLGu,Willesden Green,Station entry/exit,taps,"8,635","9,444","9,477","7,626","5,594","8,735","9,452","9,334","7,428","5,659","119,177","1,370,055","5,560,077"
LU,766,WJNu,Willesden Junction,Station entry/exit,taps,"7,230","8,071","7,806","5,603","3,583","6,978","7,653","7,341","5,194","3,717","94,625","1,087,797","4,414,594"
LU,767,WIMu,Wimbledon,Station entry/exit,taps,"24,481","28,534","26,758","23,010","13,149","26,069","30,425","28,711","23,955","14,263","357,274","4,107,199","16,668,193"
LU,768,WMPu,Wimbledon Park,Station entry/exit,taps,"2,922","3,324","3,074","2,584","1,462","2,872","3,244","2,960","2,417","1,462","39,456","453,584","1,840,772"
LU,770,WGNu,Wood Green,Station entry/exit,taps,"13,121","14,565","15,399","12,176","9,141","12,876","14,176","15,031","11,887","8,786","184,640","2,122,604","8,614,135"
LU,599,WDLu,Wood Lane,Station entry/exit,taps,"7,409","8,379","7,632","7,253","4,671","7,907","8,690","7,973","7,750","4,945","106,745","1,227,128","4,980,038"
LU,769,WFDu,Woodford,Station entry/exit,taps,"6,862","7,868","7,389","6,006","3,870","6,726","7,725","7,107","5,771","3,825","94,335","1,084,472","4,401,099"
LU,771,WSPu,Woodside Park,Station entry/exit,taps,"4,879","5,802","5,594","4,622","3,074","4,663","5,091","4,593","3,556","2,705","66,365","762,928","3,096,182"
LO,1404,ACCr,Acton Central,Station entry/exit,taps,"2,417","2,603","2,594","1,932","1,355","2,385","2,552","2,414","1,772","1,335","31,668","373,528","1,522,094"
LO,5397,ANYr,Anerley,Station entry/exit,taps,"1,872","2,087","2,045","1,952","1,075","1,798","1,796","1,767","1,343","1,286","24,786","292,357","1,191,330"
LO,514,BKGu,Barking,---see LU---,taps,---,---,---,---,---,---,---,---,---,---,---,---,---
LO,1335,BGVr,Barking Riverside,Station entry/exit,taps,"1,722","1,901","1,759","1,222",726,"1,553","1,643","1,507","1,070",671,"20,864","246,091","1,002,799"
LO,6961,BETr,Bethnal Green LO,Station entry/exit,taps,"2,380","2,541","2,477","2,020","1,557","2,647","2,851","2,872","2,271","1,563","33,961","400,575","1,632,307"
LO,522,BHRu,Blackhorse Road,---see LU---,taps,---,---,---,---,---,---,---,---,---,---,---,---,---
LO,5404,BCYr,Brockley,Station entry/exit,taps,"5,162","6,118","6,004","5,765","3,928","5,352","6,228","5,682","5,283","4,197","78,410","924,865","3,768,741"
LO,1437,BSYr,Brondesbury,Station entry/exit,taps,"3,782","4,143","4,218","3,525","1,858","3,613","3,871","3,942","3,194","1,844","50,018","589,978","2,404,106"
LO,1438,BSPr,Brondesbury Park,Station entry/exit,taps,"1,935","2,073","2,016","1,739",883,"2,072","2,117","1,980","1,623",944,"25,762","303,871","1,238,246"
LO,6958,BCVr,Bruce Grove,Station entry/exit,taps,"1,999","2,247","2,264","1,704","1,217","1,811","1,964","1,869","1,425","1,084","26,007","306,760","1,250,018"
LO,6913,BHKr,Bush Hill Park,Station entry/exit,taps,"3,282","3,721","3,376","2,992","2,028","3,600","3,330","3,037","2,379","2,002","43,848","517,200","2,107,544"
LO,1395,BSHr,Bushey,Station entry/exit,taps,"3,238","3,820","3,564","3,471","1,361","2,756","3,081","3,328","2,863","1,577","42,858","505,523","2,059,961"
LO,1439,CIRr,Caledonian Road & Barnsbury,Station entry/exit,taps,"2,861","3,326","3,641","2,718","1,531","2,993","3,457","3,742","2,745","1,872","42,451","500,715","2,040,370"
LO,6962,CBHr,Cambridge Heath,Station entry/exit,taps,"2,313","2,680","2,369","2,185","1,859","2,334","2,727","2,596","2,156","1,723","33,754","398,138","1,622,378"
LO,1440,CMDr,Camden Road,Station entry/exit,taps,"5,866","6,477","6,369","6,485","3,676","6,123","6,826","6,784","6,469","4,003","85,684","1,010,663","4,118,361"
LO,788,CWRu,Canada Water,---see LU---,taps,---,---,---,---,---,---,---,---,---,---,---,---,---
LO,1441,CNNr,Canonbury,Station entry/exit,taps,"3,904","4,519","4,466","4,108","2,578","3,645","4,202","4,065","3,861","2,619","55,410","653,566","2,663,223"
LO,1442,CPKr,Carpenders Park,Station entry/exit,taps,"2,068","2,191","2,179","1,859",934,"2,127","2,229","2,153","1,823","1,022","27,425","323,485","1,318,174"
LO,6814,CHNr,Cheshunt,Boarding/alighting,lw,"1,682","1,772","1,680",935,"2,424","1,712","1,788","1,762","1,045","2,681","24,601","290,169","1,182,411"
LO,6914,CHIr,Chingford,Station entry/exit,taps,"3,853","4,725","3,847","2,793","1,922","4,118","5,311","4,119","2,755","1,685","55,199","651,086","2,653,118"
LO,5301,CLPr,Clapham High Street,Station entry/exit,taps,"1,967","2,235","2,217","2,500","1,287","1,934","2,085","2,121","2,292","1,308","28,584","337,152","1,373,864"
LO,5595,CLJr,Clapham Junction,Boarding/alighting,lw,"21,454","23,585","22,795","18,619","13,522","18,857","20,353","20,422","16,036","11,326","274,846","3,241,859","13,210,281"
LO,6926,CPTr,Clapton,Station entry/exit,taps,"3,765","4,472","4,325","2,568","1,752","3,486","3,858","3,726","2,194","1,653","48,459","571,588","2,329,169"
LO,7406,CRHr,Crouch Hill,Station entry/exit,taps,"1,575","1,765","1,782","1,855","1,061","1,601","1,796","1,837","1,941","1,124","23,460","276,717","1,127,595"
LO,5356,CYPr,Crystal Palace,Boarding/alighting,lw,"2,826","3,391","2,833","2,653","2,728","2,788","3,320","2,777","2,635","2,567","41,939","494,677","2,015,763"
LO,1443,DLJr,Dalston Junction,Station entry/exit,taps,"6,516","7,776","8,824","9,042","5,692","6,532","7,868","9,156","9,527","5,898","108,118","1,275,277","5,196,638"
LO,1429,DLKr,Dalston Kingsland,Station entry/exit,taps,"7,341","8,545","9,190","9,458","5,371","7,315","8,390","9,433","10,047","5,270","114,230","1,347,367","5,490,400"
LO,5421,DMKr,Denmark Hill,Station entry/exit,taps,"9,341","11,048","9,492","4,998","3,051","9,462","10,724","9,079","4,716","3,291","118,748","1,400,656","5,707,547"
LO,6941,EDRr,Edmonton Green,Station entry/exit,taps,"6,601","7,144","6,861","5,326","3,348","6,687","7,252","6,725","4,948","3,437","87,120","1,027,596","4,187,360"
LO,7473,EMPr,Emerson Park,Station entry/exit,taps,542,731,609,423,154,466,508,446,233,134,"6,722","79,293","323,110"
LO,6959,ENFr,Enfield Town,Station entry/exit,taps,"3,825","4,393","4,001","2,675","2,621","3,575","4,043","3,538","2,344","2,432","50,320","593,531","2,418,583"
LO,1444,EUSr,Euston NR,Boarding/alighting,lw,"6,027","6,190","5,746","5,538","4,854","5,599","5,823","5,563","5,251","3,898","78,517","926,128","3,773,887"
LO,1445,FNYr,Finchley Road & Frognal,Station entry/exit,taps,"3,400","3,834","3,726","2,793","1,765","3,373","3,894","3,664","2,899","1,769","46,575","549,356","2,238,575"
LO,5362,FOHr,Forest Hill,Station entry/exit,taps,"6,273","7,544","6,690","6,000","3,357","5,754","6,727","5,601","4,916","3,302","84,706","999,120","4,071,322"
LO,1409,GPOr,Gospel Oak,Station entry/exit,taps,"3,874","4,253","4,279","3,807","2,270","3,836","4,209","4,087","3,698","2,212","53,446","630,401","2,568,827"
LO,591,GUNu,Gunnersbury,---see LU---,taps,---,---,---,---,---,---,---,---,---,---,---,---,---
LO,6977,HKCr,Hackney Central,Station entry/exit,taps,"7,113","8,653","8,925","9,043","5,319","7,253","8,677","9,075","9,476","5,341","113,536","1,339,176","5,457,022"
LO,6867,HACr,Hackney Downs,Station entry/exit,taps,"4,172","4,860","4,343","3,312","2,245","3,783","4,426","4,247","3,355","2,259","55,572","655,486","2,671,046"
LO,6978,HKWr,Hackney Wick,Station entry/exit,taps,"4,782","5,488","5,794","6,829","3,315","4,894","5,651","6,539","7,394","3,346","76,312","900,111","3,667,871"
LO,1022,HGGr,Haggerston,Station entry/exit,taps,"4,283","5,034","5,144","4,332","2,892","4,255","4,965","5,107","4,537","3,045","63,593","750,088","3,056,540"
LO,1413,HDHr,Hampstead Heath,Station entry/exit,taps,"5,166","5,424","5,412","4,930","2,790","5,082","5,358","5,377","5,120","2,801","69,023","814,135","3,317,527"
LO,596,HARu,Harlesden,---see LU---,taps,---,---,---,---,---,---,---,---,---,---,---,---,---
LO,7401,HRYr,Harringay Green Lanes,Station entry/exit,taps,"2,806","3,085","3,218","3,504","1,867","2,740","2,917","3,199","3,195","1,802","40,340","475,813","1,938,894"
LO,597,HAWu,Harrow & Wealdstone,---see LU---,taps,---,---,---,---,---,---,---,---,---,---,---,---,---
LO,1398,HTEr,Hatch End,Station entry/exit,taps,"1,077","1,264","1,139",905,526,"1,087","1,263","1,196","1,014",552,"15,079","177,857","724,752"
LO,1434,HDLr,Headstone Lane,Station entry/exit,taps,847,935,852,578,332,783,817,770,496,297,"10,211","120,436","490,767"
LO,6919,HIPr,Highams Park,Station entry/exit,taps,"4,251","5,266","4,455","3,293","1,824","4,089","4,893","4,242","3,082","1,850","57,564","678,981","2,766,785"
LO,603,HBYu,Highbury & Islington,---see LU---,taps,---,---,---,---,---,---,---,---,---,---,---,---,---
LO,6979,HMNr,Homerton,Station entry/exit,taps,"6,560","7,423","7,128","6,069","3,603","6,484","7,118","6,578","5,684","3,733","89,464","1,055,243","4,300,021"
LO,5418,HPAr,Honor Oak Park,Station entry/exit,taps,"3,646","4,484","3,833","3,471","2,163","3,650","4,345","3,543","3,177","2,162","52,131","614,901","2,505,666"
LO,1023,HOXr,Hoxton,Station entry/exit,taps,"4,550","5,493","5,550","4,974","4,080","4,660","5,679","5,745","5,381","4,885","73,343","865,101","3,525,207"
LO,9586,IMWr,Imperial Wharf,Station entry/exit,taps,"4,591","5,191","4,797","2,994","1,998","4,572","5,052","4,644","2,885","1,872","59,082","696,881","2,839,727"
LO,617,KGNu,Kensal Green,---see LU---,taps,---,---,---,---,---,---,---,---,---,---,---,---,---
LO,1448,KNRr,Kensal Rise,Station entry/exit,taps,"4,836","5,439","5,260","4,968","2,555","5,019","5,497","5,205","4,707","2,710","68,067","802,868","3,271,614"
LO,618,OLYu,Kensington (Olympia),Station entry/exit,taps,"4,041","4,348","4,082","2,956","1,556","3,928","4,487","3,835","2,784","1,468","51,153","603,365","2,458,658"
LO,1449,KTWr,Kentish Town West,Station entry/exit,taps,"3,654","4,254","4,634","3,428","2,329","3,627","4,303","4,665","3,450","1,555","53,011","625,269","2,547,916"
LO,620,KETu,Kenton,---see LU---,taps,---,---,---,---,---,---,---,---,---,---,---,---,---
LO,621,KEWu,Kew Gardens,---see LU---,taps,---,---,---,---,---,---,---,---,---,---,---,---,---
LO,1415,KBNr,Kilburn High Road,Station entry/exit,taps,"1,130","1,180","1,234","1,026",713,"1,227","1,219","1,248",999,786,"15,560","183,529","747,865"
LO,7402,LEMr,Leyton Midland Road,Station entry/exit,taps,"2,724","3,297","3,065","2,594","1,547","2,664","3,237","2,868","2,236","1,474","38,773","457,340","1,863,617"
LO,7403,LERr,Leytonstone High Road,Station entry/exit,taps,"2,021","2,301","2,277","2,037","1,284","1,925","2,271","2,115","1,901","1,291","28,568","336,966","1,373,106"
LO,6965,LSTr,Liverpool Street NR,Boarding/alighting,lw,"26,463","31,792","25,865","16,818","19,333","22,574","27,075","23,459","16,685","12,959","340,758","4,019,310","16,378,324"
LO,6966,LOFr,London Fields,Station entry/exit,taps,"2,552","2,960","3,025","2,975","1,945","2,784","3,218","3,282","3,379","2,118","40,596","478,838","1,951,223"
LO,5150,NWXr,New Cross,Boarding/alighting,lw,"3,495","3,957","3,825","3,366","2,632","3,692","4,012","3,761","3,450","3,276","51,403","606,306","2,470,643"
LO,5345,NXGr,New Cross Gate,Station entry/exit,taps,"6,398","6,781","7,114","6,232","4,353","7,179","8,094","8,304","8,929","4,526","97,662","1,151,948","4,694,083"
LO,659,NWBu,North Wembley,---see LU---,taps,---,---,---,---,---,---,---,---,---,---,---,---,---
LO,5376,NWDr,Norwood Jn,Station entry/exit,taps,"6,692","7,724","7,022","5,650","3,427","6,408","7,152","6,157","4,666","3,316","87,965","1,037,570","4,228,002"
LO,5423,PMRr,Peckham Rye,Station entry/exit,taps,"9,211","10,809","10,230","10,306","6,036","8,700","11,122","11,186","10,525","6,183","138,171","1,629,749","6,641,082"
LO,5378,PNWr,Penge West,Station entry/exit,taps,"1,147","1,299","1,361","1,484",836,"1,193","1,190","1,331","1,313",858,"16,988","200,375","816,510"
LO,680,QPKu,Queen's Park,---see LU---,taps,---,---,---,---,---,---,---,---,---,---,---,---,---
LO,5424,QRPr,Queens Road Peckham,Station entry/exit,taps,"4,888","5,545","5,419","4,921","2,953","4,817","5,270","5,337","4,524","3,265","68,568","808,773","3,295,675"
LO,6967,RECr,Rectory Road,Station entry/exit,taps,"2,803","3,412","2,814","2,198","1,548","2,706","3,166","2,895","2,207","1,763","38,667","456,086","1,858,511"
LO,686,RMDu,Richmond,---see LU---,taps,---,---,---,---,---,---,---,---,---,---,---,---,---
LO,6886,RMFr,Romford,---see EZL---,taps,---,---,---,---,---,---,---,---,---,---,---,---,---
LO,1039,ROEr,Rotherhithe,Station entry/exit,taps,"2,131","2,535","2,595","2,376","1,697","1,968","2,265","2,336","2,186","1,640","31,328","369,517","1,505,750"
LO,698,SVSu,Seven Sisters,---see LU---,taps,---,---,---,---,---,---,---,---,---,---,---,---,---
LO,1082,SDEr,Shadwell LO,Station entry/exit,taps,"5,141","5,763","6,018","5,485","3,773","5,358","6,016","6,221","5,465","3,726","76,524","902,621","3,678,101"
LO,9587,SPBr,Shepherd's Bush NR,Station entry/exit,taps,"10,520","12,404","12,082","11,445","6,738","10,423","12,156","11,230","12,142","5,941","154,202","1,818,844","7,411,627"
LO,1024,SDCr,Shoreditch High Street,Station entry/exit,taps,"8,247","10,097","9,833","10,616","7,607","8,458","11,281","11,015","12,510","7,419","139,840","1,649,445","6,721,339"
LO,6972,SLVr,Silver Street,Station entry/exit,taps,"4,634","4,799","4,826","3,479","2,343","4,508","4,634","4,584","3,297","2,449","58,420","689,075","2,807,919"
LO,1452,SATr,South Acton,Station entry/exit,taps,"1,450","1,693","1,470","1,382",724,"1,542","1,826","1,399","1,105",750,"20,380","240,386","979,551"
LO,1451,SOHr,South Hampstead,Station entry/exit,taps,918,902,944,569,427,785,862,978,542,486,"10,942","129,068","525,939"
LO,709,SKTu,South Kenton,---see LU---,taps,---,---,---,---,---,---,---,---,---,---,---,---,---
LO,7404,STOr,South Tottenham,Station entry/exit,taps,"2,502","3,067","2,539","2,037","1,974","2,711","3,020","2,749","2,098","1,921","36,790","433,940","1,768,267"
LO,6947,SBUr,Southbury,Station entry/exit,taps,"1,580","1,705","1,618","1,211",829,"1,697","1,836","1,763","1,278",934,"21,532","253,976","1,034,928"
LO,6973,SJSr,St James Street,Station entry/exit,taps,"2,251","2,611","2,395","2,147","1,386","2,248","2,624","2,295","1,991","1,312","31,730","374,265","1,525,095"
LO,6968,SMHr,Stamford Hill,Station entry/exit,taps,"1,695","1,813","1,627","1,154",942,"1,627","1,694","1,460",990,895,"20,913","246,676","1,005,183"
LO,6934,SKWr,Stoke Newington,Station entry/exit,taps,"3,209","3,778","3,406","2,781","2,036","3,068","3,494","3,027","2,643","1,883","43,867","517,425","2,108,458"
LO,717,SPKu,Stonebridge Park,---see LU---,taps,---,---,---,---,---,---,---,---,---,---,---,---,---
LO,719,SFDu,Stratford,---see LU---,taps,---,---,---,---,---,---,---,---,---,---,---,---,---
LO,1083,SQEr,Surrey Quays,Station entry/exit,taps,"6,686","7,192","7,593","6,616","4,409","6,291","6,651","6,867","6,048","4,228","90,267","1,064,719","4,338,634"
LO,5437,SYDr,Sydenham,Station entry/exit,taps,"5,171","6,187","5,622","4,617","2,577","5,328","6,226","5,486","4,213","2,690","72,941","860,356","3,505,872"
LO,6949,TEOr,Theobalds Grove,Station entry/exit,taps,"1,159","1,285","1,175",791,784,"1,081","1,199","1,065",695,790,"14,992","176,837","720,593"
LO,6952,TURr,Turkey Street,Station entry/exit,taps,"1,975","1,897","1,941","1,122",901,"1,814","2,007","1,911",957,881,"23,214","273,819","1,115,787"
LO,736,UPMu,Upminster,---see LU---,taps,---,---,---,---,---,---,---,---,---,---,---,---,---
LO,1524,UHLr,Upper Holloway,Station entry/exit,taps,"2,928","3,101","3,011","2,213","1,716","2,846","3,046","3,281","2,275","1,734","38,441","453,421","1,847,651"
LO,742,WALu,Walthamstow Central,---see LU---,taps,---,---,---,---,---,---,---,---,---,---,---,---,---
LO,7407,WMWr,Walthamstow Queen's Road,Station entry/exit,taps,"2,150","2,373","2,248","1,990","1,212","2,280","2,381","2,395","2,118","1,270","29,925","352,969","1,438,316"
LO,5372,WWRr,Wandsworth Road,Station entry/exit,taps,"1,168","1,277","1,323",812,501,"1,256","1,321","1,271",745,444,"15,314","180,627","736,039"
LO,7408,WNPr,Wanstead Park,Station entry/exit,taps,"2,435","2,782","2,592","2,108","1,435","2,294","2,827","2,406","2,069","1,422","33,588","396,173","1,614,371"
LO,1085,WPEr,Wapping,Station entry/exit,taps,"2,941","3,451","3,427","3,493","2,275","2,835","3,285","3,224","3,424","2,272","44,098","520,147","2,119,552"
LO,1455,WFHr,Watford High Street,Station entry/exit,taps,"1,976","2,045","2,233","1,934","1,265","1,874","1,965","2,082","1,906","1,207","26,506","312,641","1,273,984"
LO,1402,WFJr,Watford Junction,Station entry/exit,taps,"11,132","11,764","10,220","8,503","5,621","10,904","10,981","9,604","7,217","5,097","136,534","1,610,443","6,562,411"
LO,751,WEMu,Wembley Central,---see LU---,taps,---,---,---,---,---,---,---,---,---,---,---,---,---
LO,755,WBTu,West Brompton,---see LU---,taps,---,---,---,---,---,---,---,---,---,---,---,---,---
LO,5411,WCYr,West Croydon NR,Station entry/exit,taps,"6,380","6,752","6,427","4,593","2,949","6,115","6,806","6,104","4,344","2,871","80,456","948,996","3,867,075"
LO,1421,WHDr,West Hampstead LO,Station entry/exit,taps,"6,733","7,363","7,225","6,129","3,400","6,623","7,303","7,290","6,004","3,384","90,785","1,070,826","4,363,518"
LO,6956,WHLr,White Hart Lane,Station entry/exit,taps,"2,946","3,134","3,142","2,110","1,397","2,779","2,987","2,915","1,898","1,360","36,911","435,377","1,774,121"
LO,763,WCLu,Whitechapel,---see LU---,taps,---,---,---,---,---,---,---,---,---,---,---,---,---
LO,766,WJNu,Willesden Junction,---see LU---,taps,---,---,---,---,---,---,---,---,---,---,---,---,---
LO,6954,WSTr,Wood Street,Station entry/exit,taps,"3,177","3,837","3,440","2,896","1,747","3,177","3,770","3,166","2,789","1,901","45,116","532,150","2,168,461"
LO,7467,WGRr,Woodgrange Park,Station entry/exit,taps,"1,754","1,953","1,775","1,461",964,"1,444","1,628","1,427","1,196",817,"21,581","254,554","1,037,284"
DLR,750,ABRd,Abbey Road,Station entry/exit,apc,"1,952","2,089","2,146","1,540","1,172","2,067","2,102","2,129","1,536","1,166","26,279","306,615","1,239,462"
DLR,850,ALSd,All Saints,Station entry/exit,apc,"2,680","2,820","2,842","2,399","1,607","2,695","2,801","2,832","2,309","1,588","35,815","417,875","1,689,223"
DLR,513,BNKu,Bank and Monument,---see LU---,taps,---,---,---,---,---,---,---,---,---,---,---,---,---
DLR,895,BECd,Beckton,Station entry/exit,apc,"3,298","3,399","3,177","2,184","1,592","3,457","3,498","3,416","2,263","1,643","41,721","486,791","1,967,808"
DLR,891,BEPd,Beckton Park,Station entry/exit,apc,829,806,861,611,409,873,834,951,599,429,"10,481","122,288","494,338"
DLR,882,BLAd,Blackwall,Station entry/exit,apc,"2,066","2,312","2,271","1,802","1,260","2,296","2,481","2,393","1,812","1,280","29,560","344,898","1,394,219"
DLR,851,BOCd,Bow Church,Station entry/exit,apc,"5,666","5,877","6,140","4,674","3,388","4,096","4,151","4,333","3,490","2,691","64,563","753,310","3,045,187"
DLR,842,CAWd,Canary Wharf DLR,Station entry/exit,apc,"16,511","18,566","16,445","14,919","10,417","17,635","19,870","18,104","16,790","11,553","237,682","2,773,217","11,210,478"
DLR,884,CNTu,Canning Town,---see LU---,taps,---,---,---,---,---,---,---,---,---,---,---,---,---
DLR,854,CROd,Crossharbour,Station entry/exit,apc,"4,834","4,965","5,115","4,116","2,900","5,122","5,224","5,190","4,065","3,101","65,009","758,508","3,066,201"
DLR,887,CUHd,Custom House DLR,Station entry/exit,apc,"8,059","8,836","8,093","6,555","4,314","5,168","5,912","5,246","4,189","2,728","88,596","1,033,712","4,178,688"
DLR,879,CUSd,Cutty Sark,Station entry/exit,apc,"8,305","8,626","9,434","8,842","6,141","9,893","10,452","10,546","8,350","6,764","125,509","1,464,407","5,919,735"
DLR,893,CYPd,Cyprus,Station entry/exit,apc,"4,085","3,755","3,097","1,032",775,"4,639","4,118","3,284","1,028",864,"42,423","494,980","2,000,913"
DLR,897,DEBd,Deptford Bridge,Station entry/exit,taps,"4,535","4,186","5,004","4,415","2,928","4,706","4,399","4,724","3,806","2,940","58,811","686,197","2,773,888"
DLR,867,DERd,Devons Road,Station entry/exit,apc,"3,712","3,928","3,991","3,143","2,409","3,713","3,877","3,790","2,971","2,388","49,533","577,939","2,336,265"
DLR,883,EAId,East India,Station entry/exit,apc,"6,671","7,453","6,751","3,946","2,733","7,022","7,748","7,026","3,974","2,625","86,352","1,007,535","4,072,871"
DLR,898,ELRd,Elverson Road,Station entry/exit,apc,"2,120","2,329","2,279","1,809","1,335","2,005","2,177","2,013","1,658","1,305","28,043","327,202","1,322,683"
DLR,894,GARd,Gallions Reach,Station entry/exit,apc,"2,845","3,146","3,065","2,501","1,740","3,059","3,380","3,184","2,542","1,862","40,374","471,077","1,904,288"
DLR,928,GREd,Greenwich,Boarding/alighting,apc,"9,849","10,936","10,779","10,371","8,441","10,358","11,953","11,247","11,816","9,507","151,035","1,762,245","7,123,715"
DLR,855,HEQd,Heron Quays,Station entry/exit,apc,"8,136","8,549","7,684","6,524","5,140","8,689","9,162","8,361","6,937","5,406","110,009","1,283,556","5,188,659"
DLR,856,ISGd,Island Gardens,Station entry/exit,apc,"3,561","3,756","3,841","3,340","2,543","3,303","3,496","3,445","2,847","2,191","46,828","546,375","2,208,672"
DLR,523,KGVd,King George V,Station entry/exit,apc,"2,215","2,316","2,392","1,993","1,458","2,348","2,533","2,460","1,977","1,514","30,904","360,585","1,457,632"
DLR,853,LAPd,Langdon Park,Station entry/exit,apc,"6,041","6,855","6,445","5,394","4,161","5,856","6,435","6,375","5,201","3,938","83,280","971,693","3,927,980"
DLR,940,LEWd,Lewisham DLR,Station entry/exit,apc,"11,471","12,532","12,038","9,791","7,516","11,157","11,809","11,641","9,071","6,941","152,648","1,781,064","7,199,788"
DLR,862,LIMd,Limehouse DLR,Station entry/exit,apc,"7,651","8,525","8,017","5,897","4,087","11,035","12,012","11,313","8,123","6,171","123,903","1,445,670","5,843,989"
DLR,533,LCAd,London City Airport,Station entry/exit,apc,"5,567","6,050","6,425","2,070","3,684","6,261","6,234","6,288","2,209","3,832","73,187","853,927","3,451,924"
DLR,857,MUDd,Mudchute,Station entry/exit,apc,"2,577","2,685","2,668","2,425","1,701","2,439","2,542","2,465","2,324","1,703","33,982","396,488","1,602,768"
DLR,538,PDKd,Pontoon Dock,Station entry/exit,apc,"3,802","4,263","4,187","3,906","2,707","4,072","4,471","4,248","3,902","2,780","55,804","651,102","2,632,022"
DLR,858,POPd,Poplar,Station entry/exit,apc,"2,403","3,401","2,392","1,699","1,492","2,877","3,540","2,589","1,863","1,422","37,560","438,237","1,771,534"
DLR,888,PRRd,Prince Regent,Station entry/exit,apc,"2,241","2,649","2,481","1,824","1,367","2,436","2,853","2,775","2,023","1,306","32,958","384,551","1,554,514"
DLR,859,PMLd,Pudding Mill Lane,Station entry/exit,apc,"3,817","2,306","4,034","5,045","4,538","3,935","2,414","4,078","4,727","4,372","48,704","568,265","2,297,161"
DLR,890,ROAd,Royal Albert,Station entry/exit,apc,"2,017","2,189","2,240","1,943","1,779","2,190","2,349","2,473","2,186","1,668","30,111","351,329","1,420,217"
DLR,886,ROVd,Royal Victoria,Station entry/exit,apc,"3,802","4,316","4,737","4,929","2,818","3,263","3,661","3,842","3,892","2,336","53,550","624,805","2,525,716"
DLR,860,SHAd,Shadwell DLR,Station entry/exit,apc,"8,976","9,717","9,699","7,249","5,249","9,056","10,103","9,911","7,294","5,353","122,247","1,426,348","5,765,883"
DLR,861,SOQd,South Quay,Station entry/exit,apc,"6,733","7,281","6,496","4,278","3,252","7,248","7,784","6,655","4,365","3,388","87,612","1,022,231","4,132,278"
DLR,889,STLd,Star Lane,Station entry/exit,apc,"2,428","2,661","2,509","1,527",962,"2,652","2,889","2,813","1,562",976,"32,080","374,302","1,513,083"
DLR,719,SFDu,Stratford,---see LU---,taps,---,---,---,---,---,---,---,---,---,---,---,---,---
DLR,749,SHSd,Stratford High Street,Station entry/exit,apc,"1,878","1,964","1,715","1,230",904,"2,066","2,146","1,872","1,306",980,"24,283","283,323","1,145,309"
DLR,504,STId,Stratford International DLR,Station entry/exit,apc,"6,077","6,776","5,646","5,947","3,920","5,481","6,103","5,221","5,381","3,743","80,054","934,049","3,775,810"
DLR,864,TOGd,Tower Gateway,Station entry/exit,apc,"3,709","4,044","4,087","3,487","2,485","4,178","4,644","4,715","4,005","2,938","55,667","649,509","2,625,579"
DLR,757,WHMu,West Ham,---see LU---,taps,---,---,---,---,---,---,---,---,---,---,---,---,---
DLR,866,WIQd,West India Quay,Station entry/exit,apc,"3,657","3,953","4,362","4,817","3,489","3,661","3,870","4,048","4,408","3,243","55,155","643,530","2,601,412"
DLR,559,WSId,West Silvertown,Station entry/exit,apc,"3,566","3,968","3,913","3,407","2,421","3,098","3,433","3,610","2,886","1,880","46,983","548,183","2,215,979"
DLR,865,WESd,Westferry,Station entry/exit,apc,"6,182","6,902","7,084","6,076","4,876","6,254","6,759","6,942","5,971","4,744","89,113","1,039,747","4,203,084"
DLR,573,WOAd,Woolwich Arsenal,Boarding/alighting,apc,"10,458","10,378","11,104","9,139","6,424","10,307","10,478","10,857","9,122","6,901","136,879","1,597,067","6,455,998"
EZL,5131,ABWr,Abbey Wood,Boarding/alighting,lw,"23,763","26,478","24,193","18,957","12,114","27,437","30,498","27,276","20,710","15,432","340,812","3,990,551","16,158,273"
EZL,3000,AMLr,Acton Main Line,Station entry/exit,taps,"4,877","5,639","5,474","4,901","2,542","4,771","5,400","4,690","4,615","2,507","67,492","790,258","3,199,861"
EZL,524,BDSu,Bond Street,---see LU---,taps,---,---,---,---,---,---,---,---,---,---,---,---,---
EZL,6872,BREr,Brentwood,Station entry/exit,taps,"5,527","6,205","5,547","3,771","2,124","5,445","5,800","5,165","3,492","2,142","69,226","810,567","3,282,095"
EZL,3176,BNMr,Burnham,Station entry/exit,taps,"3,483","4,177","3,934","3,011","1,656","3,537","4,281","3,639","2,846","1,643","49,122","575,161","2,328,904"
EZL,6560,CWXr,Canary Wharf EL,Station entry/exit,taps,"24,598","32,398","24,773","20,246","13,374","25,695","32,807","25,246","21,960","14,151","365,657","4,281,459","17,336,202"
EZL,6874,CTHr,Chadwell Heath,Station entry/exit,taps,"7,472","8,025","7,807","5,589","3,687","7,192","7,579","7,301","4,986","3,559","94,405","1,105,377","4,475,821"
EZL,6561,CUSr,Custom House EL,Station entry/exit,taps,"12,427","15,395","14,024","13,832","7,940","12,790","15,120","13,854","13,761","7,796","187,968","2,200,907","8,911,765"
EZL,560,EBYu,Ealing Broadway,---see LU---,taps,---,---,---,---,---,---,---,---,---,---,---,---,---
EZL,577,FARu,Farringdon,---see LU---,taps,---,---,---,---,---,---,---,---,---,---,---,---,---
EZL,6876,FOGr,Forest Gate,Station entry/exit,taps,"8,858","9,681","9,615","7,549","5,339","8,697","9,478","8,961","6,979","5,274","118,747","1,390,406","5,629,941"
EZL,6877,GDPr,Gidea Park,Station entry/exit,taps,"4,685","5,540","4,661","3,506","1,960","4,340","5,100","4,239","3,043","1,961","60,315","706,224","2,859,597"
EZL,6878,GMYr,Goodmayes,Station entry/exit,taps,"7,129","7,511","7,312","5,275","3,474","7,042","7,316","6,977","4,933","3,366","89,991","1,053,701","4,266,578"
EZL,3191,HANr,Hanwell,Station entry/exit,taps,"3,461","4,418","3,871","3,694","2,949","2,967","3,570","3,224","3,424","2,170","49,725","582,231","2,357,529"
EZL,6879,HROr,Harold Wood,Station entry/exit,taps,"5,639","6,229","5,612","3,650","2,122","5,429","5,934","5,254","3,315","1,895","69,403","812,639","3,290,485"
EZL,3186,HAYr,Hayes & Harlington,Station entry/exit,taps,"13,525","15,252","14,134","12,080","7,910","14,243","15,837","14,454","11,846","8,043","189,500","2,218,844","8,984,396"
EZL,7091,HAFr,Heathrow Terminal 4 EL,Station entry/exit,taps,"5,344","5,485","5,402","5,690","5,782","4,972","5,349","5,178","5,395","4,604","74,868","876,626","3,549,577"
EZL,9846,HWVr,Heathrow Terminal 5 EL,Station entry/exit,taps,"13,188","12,720","12,583","8,896","9,832","12,027","13,052","14,979","10,461","7,737","167,020","1,955,630","7,918,608"
EZL,7090,HXXr,Heathrow Terminals 2 & 3 EL,Station entry/exit,taps,"18,003","17,267","17,857","16,054","16,803","16,627","15,677","17,079","16,119","13,914","231,289","2,708,152","10,965,671"
EZL,6881,IFDr,Ilford,Station entry/exit,taps,"16,656","17,521","17,062","14,723","10,427","16,944","18,197","16,823","14,401","10,343","224,534","2,629,053","10,645,386"
EZL,3170,IVRr,Iver,Station entry/exit,taps,717,905,926,607,586,807,813,824,593,"1,151","11,365","133,072","538,826"
EZL,3171,LNYr,Langley,Station entry/exit,taps,"2,521","2,839","3,228","2,388","1,195","2,814","3,073","3,517","2,208","1,654","37,261","436,284","1,766,574"
EZL,634,LSTu,Liverpool Street LU,---see LU---,taps,---,---,---,---,---,---,---,---,---,---,---,---,---
EZL,6965,LSTr,Liverpool Street NR,Boarding/alighting,lw,"26,463","31,792","25,865","16,818","19,333","22,574","27,075","23,459","16,685","12,959","340,758","3,989,919","16,155,713"
EZL,3147,MAIr,Maidenhead,Station entry/exit,taps,"8,587","10,971","7,835","7,186","4,324","8,656","11,274","8,482","7,572","4,600","123,976","1,451,630","5,877,845"
EZL,6883,MNPr,Manor Park,Station entry/exit,taps,"6,218","6,760","6,881","5,316","3,940","6,030","6,477","6,311","4,984","3,791","83,182","973,968","3,943,727"
EZL,6970,MYLr,Maryland,Station entry/exit,taps,"6,337","6,882","6,735","5,192","3,631","5,857","6,336","5,911","4,484","3,415","81,216","950,959","3,850,559"
EZL,670,PADu,Paddington TfL,---see LU---,taps,---,---,---,---,---,---,---,---,---,---,---,---,---
EZL,3149,RDGr,Reading,Boarding/alighting,lw,"4,607","5,043","5,094","3,873","3,850","6,184","6,581","6,766","5,512","4,446","75,202","880,530","3,565,384"
EZL,6886,RMFr,Romford,Station entry/exit,taps,"15,006","16,471","15,801","12,570","7,754","15,722","17,396","16,402","12,678","8,024","205,555","2,406,837","9,745,606"
EZL,6893,SVKr,Seven Kings,Station entry/exit,taps,"6,495","6,923","6,719","4,885","3,413","5,978","6,338","6,007","4,349","3,108","80,738","945,360","3,827,887"
EZL,6888,SNFr,Shenfield,Boarding/alighting,lw,"4,825","4,565","4,467","3,504","1,656","5,877","5,687","5,706","4,604","2,584","63,976","749,097","3,033,193"
EZL,3172,SLOr,Slough,Station entry/exit,taps,"8,738","9,863","8,788","7,691","5,110","8,222","9,250","8,171","6,905","4,478","115,441","1,351,697","5,473,202"
EZL,3187,STLr,Southall,Station entry/exit,taps,"12,159","13,163","12,774","11,152","7,809","12,791","13,556","12,856","10,544","6,931","167,174","1,957,432","7,925,902"
EZL,719,SFDu,Stratford,---see LU---,taps,---,---,---,---,---,---,---,---,---,---,---,---,---
EZL,3151,TAPr,Taplow,Station entry/exit,taps,"1,195","1,464","1,403","1,217",591,"1,269","1,482","1,282",952,860,"17,605","206,132","834,656"
EZL,728,TCRu,Tottenham Court Road,---see LU---,taps,---,---,---,---,---,---,---,---,---,---,---,---,---
EZL,3155,TWYr,Twyford,Station entry/exit,taps,"4,447","6,405","6,798","4,812","2,873","4,783","7,479","7,515","4,949","2,965","80,793","945,999","3,830,476"
EZL,3174,WDTr,West Drayton,Station entry/exit,taps,"5,859","6,445","6,162","5,371","2,902","5,594","5,928","5,594","4,776","2,620","75,999","889,869","3,603,198"
EZL,3188,WEAr,West Ealing,Station entry/exit,taps,"4,386","5,534","4,783","4,393","2,252","4,235","5,009","4,236","3,665","2,399","61,979","725,707","2,938,483"
EZL,763,WCLu,Whitechapel,---see LU---,taps,---,---,---,---,---,---,---,---,---,---,---,---,---
EZL,6562,WWCr,Woolwich EL,Station entry/exit,taps,"20,213","23,366","22,165","19,323","13,202","19,980","23,138","20,901","18,132","12,472","285,899","3,347,580","13,554,798"